timestamp,kalshi_kamala_yes,kalshi_kamala_no,kalshi_trump_yes,kalshi_trump_no,polymarket_kamala_yes,polymarket_kamala_no,polymarket_trump_yes,polymarket_trump_no,arbitrage_no_spread_percent_return,arbitrage_yes_no_spread_percent_return
2024-10-28 10:58:21.677658,0.63,0.39,0.39,0.62,0.5945,0.4055,0.4045,0.5955,1.47,1.57
2024-10-28 10:59:22.313143,0.63,0.39,0.39,0.62,0.5945,0.4055,0.4045,0.5955,1.47,1.57
2024-10-28 11:00:22.955621,0.63,0.39,0.39,0.62,0.5955,0.4045,0.4045,0.5955,1.47,1.47
2024-10-28 11:01:23.617640,0.63,0.39,0.39,0.62,0.5955,0.4045,0.4045,0.5955,1.47,1.47
2024-10-28 11:02:24.224710,0.63,0.39,0.39,0.62,0.5955,0.4045,0.4045,0.5955,1.47,1.47
2024-10-28 11:03:24.850799,0.63,0.39,0.39,0.62,0.5955,0.4045,0.4045,0.5955,1.47,1.47
2024-10-28 11:04:25.489174,0.63,0.39,0.39,0.62,0.5955,0.4045,0.4045,0.5955,1.47,1.47
2024-10-28 11:05:26.079451,0.63,0.39,0.39,0.62,0.5955,0.4045,0.4045,0.5955,1.47,1.47
2024-10-28 11:06:26.704595,0.63,0.39,0.39,0.62,0.596,0.404,0.4045,0.5955,1.47,1.42
2024-10-28 11:07:27.350843,0.63,0.39,0.39,0.62,0.596,0.404,0.4045,0.5955,1.47,1.42
2024-10-28 11:08:27.972968,0.63,0.39,0.39,0.62,0.596,0.404,0.4035,0.5965,1.37,1.42
2024-10-28 11:09:28.595248,0.63,0.39,0.39,0.62,0.5955,0.4045,0.4035,0.5965,1.37,1.47
2024-10-28 11:10:29.210742,0.63,0.39,0.39,0.62,0.5965,0.4035,0.4035,0.5965,1.37,1.37
2024-10-28 11:11:29.947748,0.63,0.39,0.39,0.62,0.5965,0.4035,0.4035,0.5965,1.37,1.37
2024-10-28 11:12:30.541250,0.63,0.39,0.39,0.62,0.5965,0.4035,0.4035,0.5965,1.37,1.37
2024-10-28 11:13:31.136854,0.63,0.39,0.39,0.62,0.5965,0.4035,0.4035,0.5965,1.37,1.37
2024-10-28 11:14:31.819819,0.63,0.39,0.39,0.62,0.5965,0.4035,0.4035,0.5965,1.37,1.37
2024-10-28 11:15:32.418537,0.63,0.39,0.39,0.62,0.5965,0.4035,0.4035,0.5965,1.37,1.37
2024-10-28 11:16:33.070382,0.63,0.38,0.39,0.62,0.5965,0.4035,0.4035,0.5965,2.41,2.41
2024-10-28 11:17:33.698880,0.63,0.38,0.39,0.62,0.5965,0.4035,0.4035,0.5965,2.41,2.41
2024-10-28 11:18:34.308071,0.62,0.39,0.39,0.62,0.5965,0.4035,0.4035,0.5965,1.37,1.37
2024-10-28 11:19:34.994554,0.62,0.39,0.39,0.62,0.5965,0.4035,0.4035,0.5965,1.37,1.37
2024-10-28 11:20:35.866489,0.63,0.39,0.39,0.62,0.597,0.403,0.4035,0.5965,1.37,1.32
2024-10-28 11:21:36.481857,0.63,0.39,0.39,0.62,0.597,0.403,0.4035,0.5965,1.37,1.32
2024-10-28 11:22:37.132883,0.63,0.39,0.39,0.62,0.597,0.403,0.4035,0.5965,1.37,1.32
2024-10-28 11:23:37.729619,0.63,0.39,0.39,0.62,0.597,0.403,0.4035,0.5965,1.37,1.32
2024-10-28 11:24:38.338951,0.63,0.39,0.39,0.62,0.597,0.403,0.404,0.596,1.42,1.32
2024-10-28 11:25:38.972734,0.63,0.39,0.39,0.62,0.597,0.403,0.404,0.596,1.42,1.32
2024-10-28 11:26:39.594176,0.63,0.39,0.39,0.62,0.5965,0.4035,0.404,0.596,1.42,1.37
2024-10-28 11:27:40.254920,0.63,0.39,0.39,0.62,0.5965,0.4035,0.404,0.596,1.42,1.37
2024-10-28 11:28:40.854296,0.63,0.39,0.39,0.62,0.5965,0.4035,0.404,0.596,1.42,1.37
2024-10-28 11:29:41.537358,0.63,0.39,0.39,0.62,0.5965,0.4035,0.404,0.596,1.42,1.37
2024-10-28 11:30:42.152675,0.63,0.39,0.39,0.62,0.5965,0.4035,0.4045,0.5955,1.47,1.37
2024-10-28 11:31:42.769079,0.63,0.39,0.39,0.62,0.5965,0.4035,0.4045,0.5955,1.47,1.37
2024-10-28 11:32:43.444828,0.63,0.39,0.39,0.62,0.5965,0.4035,0.404,0.596,1.42,1.37
2024-10-28 11:33:44.067992,0.63,0.39,0.39,0.62,0.5965,0.4035,0.404,0.596,1.42,1.37
2024-10-28 11:34:44.758894,0.63,0.39,0.39,0.62,0.5965,0.4035,0.404,0.596,1.42,1.37
2024-10-28 11:35:45.452311,0.63,0.39,0.39,0.62,0.5965,0.4035,0.404,0.596,1.42,1.37
2024-10-28 11:36:46.052074,0.63,0.39,0.39,0.62,0.5975,0.4025,0.404,0.596,1.42,1.27
2024-10-28 11:37:46.699239,0.63,0.39,0.39,0.62,0.5975,0.4025,0.404,0.596,1.42,1.27
2024-10-28 11:38:47.357839,0.63,0.39,0.39,0.62,0.5965,0.4035,0.404,0.596,1.42,1.37
2024-10-28 11:39:48.123606,0.63,0.39,0.39,0.62,0.5965,0.4035,0.404,0.596,1.42,1.37
2024-10-28 11:40:48.844472,0.63,0.39,0.39,0.62,0.5965,0.4035,0.404,0.596,1.42,1.37
2024-10-28 11:41:49.624963,0.63,0.39,0.39,0.62,0.5965,0.4035,0.404,0.596,1.42,1.37
2024-10-28 11:42:50.379878,0.63,0.39,0.39,0.62,0.5975,0.4025,0.4035,0.5965,1.37,1.27
2024-10-28 11:43:50.983972,0.63,0.39,0.39,0.62,0.5975,0.4025,0.4035,0.5965,1.37,1.27
2024-10-28 11:44:51.594206,0.63,0.39,0.39,0.62,0.5965,0.4035,0.4045,0.5955,1.47,1.37
2024-10-28 11:45:52.359961,0.63,0.39,0.39,0.62,0.5965,0.4035,0.4045,0.5955,1.47,1.37
2024-10-28 11:46:52.995675,0.63,0.39,0.39,0.62,0.5965,0.4035,0.4045,0.5955,1.47,1.37
2024-10-28 11:47:53.750326,0.63,0.39,0.39,0.62,0.5965,0.4035,0.4045,0.5955,1.47,1.37
2024-10-28 11:48:54.377614,0.63,0.39,0.39,0.62,0.5965,0.4035,0.4035,0.5965,1.37,1.37
2024-10-28 11:49:55.029183,0.63,0.39,0.39,0.62,0.5965,0.4035,0.4035,0.5965,1.37,1.37
2024-10-28 11:50:55.708017,0.63,0.39,0.39,0.62,0.5965,0.4035,0.4035,0.5965,1.37,1.37
2024-10-28 11:51:56.330070,0.63,0.39,0.39,0.62,0.5965,0.4035,0.4035,0.5965,1.37,1.37
2024-10-28 11:52:56.941918,0.63,0.39,0.39,0.62,0.5965,0.4035,0.4035,0.5965,1.37,1.37
2024-10-28 11:53:57.553030,0.63,0.39,0.39,0.62,0.5965,0.4035,0.4035,0.5965,1.37,1.37
2024-10-28 11:54:58.331590,0.63,0.39,0.39,0.62,0.5965,0.4035,0.4035,0.5965,1.37,1.37
2024-10-28 11:55:59.223951,0.63,0.39,0.39,0.62,0.5965,0.4035,0.4035,0.5965,1.37,1.37
2024-10-28 11:56:59.879761,0.63,0.39,0.39,0.62,0.597,0.403,0.4035,0.5965,1.37,1.32
2024-10-28 11:58:00.504145,0.63,0.39,0.39,0.62,0.597,0.403,0.4035,0.5965,1.37,1.32
2024-10-28 11:59:01.138186,0.63,0.39,0.39,0.62,0.597,0.403,0.4035,0.5965,1.37,1.32
2024-10-28 12:00:01.837352,0.63,0.39,0.39,0.62,0.597,0.403,0.4035,0.5965,1.37,1.32
2024-10-28 12:01:02.509216,0.63,0.39,0.39,0.62,0.597,0.403,0.4035,0.5965,1.37,1.32
2024-10-28 12:02:03.233364,0.63,0.39,0.39,0.62,0.597,0.403,0.4035,0.5965,1.37,1.32
2024-10-28 12:03:03.860148,0.63,0.39,0.39,0.62,0.597,0.403,0.4035,0.5965,1.37,1.32
2024-10-28 12:04:04.491461,0.63,0.39,0.39,0.62,0.597,0.403,0.4035,0.5965,1.37,1.32
2024-10-28 12:05:05.119462,0.63,0.39,0.39,0.62,0.5965,0.4035,0.4035,0.5965,1.37,1.37
2024-10-28 12:06:05.760544,0.63,0.39,0.39,0.62,0.5965,0.4035,0.4035,0.5965,1.37,1.37
2024-10-28 12:07:06.470261,0.63,0.39,0.39,0.62,0.5975,0.4025,0.4035,0.5965,1.37,1.27
2024-10-28 12:08:07.161263,0.63,0.39,0.39,0.62,0.5975,0.4025,0.4035,0.5965,1.37,1.27
2024-10-28 12:09:07.810840,0.63,0.39,0.39,0.62,0.5975,0.4025,0.4035,0.5965,1.37,1.27
2024-10-28 12:10:08.460865,0.63,0.39,0.39,0.62,0.5975,0.4025,0.4035,0.5965,1.37,1.27
2024-10-28 12:11:09.108006,0.63,0.39,0.39,0.62,0.5975,0.4025,0.4035,0.5965,1.37,1.27
2024-10-28 12:12:09.714364,0.63,0.39,0.39,0.62,0.5975,0.4025,0.4035,0.5965,1.37,1.27
2024-10-28 12:13:10.366499,0.63,0.39,0.39,0.62,0.5975,0.4025,0.4035,0.5965,1.37,1.27
2024-10-28 12:14:10.965818,0.63,0.39,0.39,0.62,0.5975,0.4025,0.4035,0.5965,1.37,1.27
2024-10-28 12:15:11.624684,0.63,0.39,0.39,0.62,0.5975,0.4025,0.4035,0.5965,1.37,1.27
2024-10-28 12:16:12.269156,0.63,0.39,0.39,0.62,0.5975,0.4025,0.4035,0.5965,1.37,1.27
2024-10-28 12:17:12.874175,0.63,0.39,0.39,0.62,0.598,0.402,0.4035,0.5965,1.37,1.21
2024-10-28 12:18:13.681249,0.63,0.39,0.39,0.62,0.5975,0.4025,0.4035,0.5965,1.37,1.27
2024-10-28 12:19:14.308433,0.63,0.39,0.39,0.62,0.5975,0.4025,0.4035,0.5965,1.37,1.27
2024-10-28 12:20:14.957358,0.63,0.39,0.39,0.62,0.5975,0.4025,0.4035,0.5965,1.37,1.27
2024-10-28 12:21:15.583182,0.63,0.39,0.39,0.62,0.5975,0.4025,0.4035,0.5965,1.37,1.27
2024-10-28 12:22:16.246469,0.63,0.39,0.39,0.62,0.5975,0.4025,0.4035,0.5965,1.37,1.27
2024-10-28 12:23:16.883854,0.63,0.39,0.39,0.62,0.5975,0.4025,0.4035,0.5965,1.37,1.27
2024-10-28 12:24:17.494051,0.62,0.39,0.39,0.62,0.5975,0.4025,0.4035,0.5965,1.37,1.27
2024-10-28 12:25:18.140835,0.62,0.39,0.39,0.62,0.5975,0.4025,0.4035,0.5965,1.37,1.27
2024-10-28 12:26:18.803530,0.62,0.39,0.39,0.62,0.5975,0.4025,0.4035,0.5965,1.37,1.27
2024-10-28 12:27:19.441041,0.62,0.39,0.39,0.62,0.5975,0.4025,0.4035,0.5965,1.37,1.27
2024-10-28 12:28:20.085914,0.62,0.39,0.39,0.62,0.5975,0.4025,0.4035,0.5965,1.37,1.27
2024-10-28 12:29:20.704351,0.62,0.39,0.39,0.62,0.5975,0.4025,0.4035,0.5965,1.37,1.27
2024-10-28 12:30:21.334703,0.63,0.39,0.39,0.62,0.5975,0.4025,0.4035,0.5965,1.37,1.27
2024-10-28 12:31:22.009958,0.62,0.39,0.39,0.62,0.597,0.403,0.4035,0.5965,1.37,1.32
2024-10-28 12:32:22.728393,0.63,0.39,0.39,0.62,0.597,0.403,0.4035,0.5965,1.37,1.32
2024-10-28 12:33:23.375102,0.63,0.39,0.39,0.62,0.5975,0.4025,0.4035,0.5965,1.37,1.27
2024-10-28 12:34:23.999488,0.63,0.39,0.39,0.62,0.5975,0.4025,0.4035,0.5965,1.37,1.27
2024-10-28 12:35:24.651762,0.63,0.39,0.39,0.62,0.5975,0.4025,0.4035,0.5965,1.37,1.27
2024-10-28 12:36:25.332702,0.63,0.39,0.39,0.62,0.5975,0.4025,0.404,0.596,1.42,1.27
2024-10-28 12:37:26.067166,0.63,0.39,0.39,0.63,0.5965,0.4035,0.404,0.596,1.42,1.37
2024-10-28 12:38:26.686508,0.63,0.39,0.39,0.63,0.5965,0.4035,0.404,0.596,1.42,1.37
2024-10-28 12:39:27.351904,0.63,0.39,0.39,0.63,0.597,0.403,0.404,0.596,1.42,1.32
2024-10-28 12:40:27.966207,0.63,0.39,0.39,0.63,0.597,0.403,0.4045,0.5955,1.47,1.32
2024-10-28 12:41:28.656204,0.63,0.39,0.39,0.63,0.5965,0.4035,0.4045,0.5955,1.47,1.37
2024-10-28 12:42:29.410176,0.63,0.39,0.38,0.63,0.5965,0.4035,0.404,0.596,1.42,1.37
2024-10-28 12:43:30.032995,0.63,0.39,0.38,0.63,0.597,0.403,0.404,0.596,1.42,1.32
2024-10-28 12:44:30.666989,0.62,0.39,0.38,0.63,0.597,0.403,0.4035,0.5965,1.37,1.32
2024-10-28 12:45:31.307131,0.63,0.39,0.38,0.63,0.5975,0.4025,0.4035,0.5965,1.37,1.27
2024-10-28 12:46:32.090801,0.63,0.38,0.38,0.63,0.5975,0.4025,0.4035,0.5965,2.41,2.3
2024-10-28 12:47:32.722308,0.63,0.38,0.38,0.63,0.5975,0.4025,0.4035,0.5965,2.41,2.3
2024-10-28 12:48:33.415539,0.63,0.38,0.38,0.63,0.5975,0.4025,0.4035,0.5965,2.41,2.3
2024-10-28 12:49:34.053013,0.63,0.38,0.38,0.63,0.5975,0.4025,0.4035,0.5965,2.41,2.3
2024-10-28 12:50:34.709110,0.63,0.38,0.38,0.63,0.5975,0.4025,0.4035,0.5965,2.41,2.3
2024-10-28 12:51:35.358535,0.63,0.38,0.38,0.63,0.5975,0.4025,0.4035,0.5965,2.41,2.3
2024-10-28 12:52:35.978020,0.63,0.38,0.38,0.63,0.5975,0.4025,0.403,0.597,2.35,2.3
2024-10-28 12:53:36.646842,0.63,0.38,0.38,0.63,0.5975,0.4025,0.403,0.597,2.35,2.3
2024-10-28 12:54:37.268988,0.63,0.38,0.38,0.63,0.5975,0.4025,0.402,0.598,2.25,2.3
2024-10-28 12:55:37.966531,0.63,0.38,0.38,0.63,0.5975,0.4025,0.402,0.598,2.25,2.3
2024-10-28 12:56:38.626044,0.63,0.38,0.38,0.63,0.5965,0.4035,0.403,0.597,2.35,2.41
2024-10-28 12:57:39.404765,0.63,0.38,0.38,0.63,0.5965,0.4035,0.403,0.597,2.35,2.41
2024-10-28 12:58:40.171158,0.63,0.38,0.38,0.63,0.597,0.403,0.4025,0.5975,2.3,2.35
2024-10-28 12:59:40.859117,0.63,0.38,0.38,0.63,0.597,0.403,0.4025,0.5975,2.3,2.35
2024-10-28 13:00:41.537188,0.63,0.38,0.38,0.63,0.597,0.403,0.402,0.598,2.25,2.35
2024-10-28 13:01:42.171168,0.63,0.38,0.38,0.63,0.597,0.403,0.402,0.598,2.25,2.35
2024-10-28 13:02:42.836112,0.63,0.38,0.38,0.63,0.5975,0.4025,0.402,0.598,2.25,2.3
2024-10-28 13:03:43.479544,0.63,0.38,0.38,0.63,0.5975,0.4025,0.402,0.598,2.25,2.3
2024-10-28 13:04:44.097122,0.63,0.38,0.38,0.63,0.5975,0.4025,0.402,0.598,2.25,2.3
2024-10-28 13:05:44.712762,0.63,0.38,0.38,0.63,0.5975,0.4025,0.402,0.598,2.25,2.3
2024-10-28 13:06:45.336257,0.63,0.38,0.38,0.63,0.5975,0.4025,0.402,0.598,2.25,2.3
2024-10-28 13:07:45.965744,0.63,0.38,0.38,0.63,0.5975,0.4025,0.402,0.598,2.25,2.3
2024-10-28 13:08:46.601058,0.63,0.38,0.38,0.63,0.5975,0.4025,0.402,0.598,2.25,2.3
2024-10-28 13:09:47.236655,0.63,0.38,0.38,0.63,0.5975,0.4025,0.402,0.598,2.25,2.3
2024-10-28 13:10:47.912123,0.63,0.38,0.38,0.63,0.597,0.403,0.402,0.598,2.25,2.35
2024-10-28 13:11:48.564906,0.63,0.38,0.38,0.63,0.597,0.403,0.402,0.598,2.25,2.35
2024-10-28 13:12:49.246883,0.63,0.38,0.38,0.63,0.5975,0.4025,0.402,0.598,2.25,2.3
2024-10-28 13:13:49.926022,0.63,0.38,0.38,0.63,0.5975,0.4025,0.402,0.598,2.25,2.3
2024-10-28 13:14:50.544897,0.63,0.38,0.38,0.63,0.5975,0.4025,0.402,0.598,2.25,2.3
2024-10-28 13:15:51.229755,0.63,0.38,0.38,0.63,0.5975,0.4025,0.402,0.598,2.25,2.3
2024-10-28 13:16:51.891545,0.63,0.38,0.38,0.63,0.5975,0.4025,0.402,0.598,2.25,2.3
2024-10-28 13:17:52.518927,0.63,0.38,0.38,0.63,0.5975,0.4025,0.402,0.598,2.25,2.3
2024-10-28 13:18:53.197143,0.63,0.38,0.38,0.63,0.5975,0.4025,0.4025,0.5975,2.3,2.3
2024-10-28 13:19:53.825408,0.63,0.38,0.38,0.63,0.5975,0.4025,0.4025,0.5975,2.3,2.3
2024-10-28 13:20:54.484904,0.63,0.38,0.38,0.63,0.5975,0.4025,0.4025,0.5975,2.3,2.3
2024-10-28 13:21:55.096832,0.63,0.38,0.38,0.63,0.5975,0.4025,0.4025,0.5975,2.3,2.3
2024-10-28 13:22:55.798087,0.63,0.38,0.38,0.63,0.5975,0.4025,0.4025,0.5975,2.3,2.3
2024-10-28 13:23:56.460627,0.63,0.38,0.38,0.63,0.5975,0.4025,0.4025,0.5975,2.3,2.3
2024-10-28 13:24:57.092569,0.63,0.38,0.38,0.63,0.598,0.402,0.4025,0.5975,2.3,2.25
2024-10-28 13:25:57.737427,0.63,0.38,0.38,0.63,0.598,0.402,0.4025,0.5975,2.3,2.25
2024-10-28 13:26:58.402157,0.63,0.38,0.38,0.63,0.598,0.402,0.4025,0.5975,2.3,2.25
2024-10-28 13:27:59.046432,0.63,0.38,0.38,0.63,0.598,0.402,0.4025,0.5975,2.3,2.25
2024-10-28 13:28:59.817219,0.63,0.38,0.38,0.63,0.598,0.402,0.4025,0.5975,2.3,2.25
2024-10-28 13:30:00.576615,0.63,0.38,0.38,0.63,0.598,0.402,0.4025,0.5975,2.3,2.25
2024-10-28 13:31:01.295692,0.63,0.38,0.38,0.63,0.598,0.402,0.4025,0.5975,2.3,2.25
2024-10-28 13:32:01.995013,0.63,0.38,0.38,0.63,0.598,0.402,0.4025,0.5975,2.3,2.25
2024-10-28 13:33:02.705785,0.63,0.38,0.38,0.63,0.5975,0.4025,0.4025,0.5975,2.3,2.3
2024-10-28 13:34:03.391802,0.63,0.38,0.38,0.63,0.5975,0.4025,0.4025,0.5975,2.3,2.3
2024-10-28 13:35:04.063612,0.63,0.38,0.38,0.63,0.5975,0.4025,0.403,0.597,2.35,2.3
2024-10-28 13:36:04.707319,0.63,0.38,0.38,0.63,0.5975,0.4025,0.403,0.597,2.35,2.3
2024-10-28 13:37:05.327520,0.63,0.38,0.38,0.63,0.5975,0.4025,0.403,0.597,2.35,2.3
2024-10-28 13:38:06.020267,0.63,0.38,0.38,0.63,0.5975,0.4025,0.403,0.597,2.35,2.3
2024-10-28 13:39:06.710570,0.63,0.38,0.38,0.63,0.5975,0.4025,0.4025,0.5975,2.3,2.3
2024-10-28 13:40:07.353874,0.63,0.38,0.38,0.63,0.5975,0.4025,0.4025,0.5975,2.3,2.3
2024-10-28 13:41:08.013646,0.63,0.38,0.38,0.63,0.5975,0.4025,0.4025,0.5975,2.3,2.3
2024-10-28 13:42:08.680462,0.63,0.38,0.38,0.63,0.5975,0.4025,0.4025,0.5975,2.3,2.3
2024-10-28 13:43:09.341383,0.63,0.38,0.38,0.63,0.5975,0.4025,0.4025,0.5975,2.3,2.3
2024-10-28 13:44:09.977787,0.63,0.38,0.38,0.63,0.5975,0.4025,0.4025,0.5975,2.3,2.3
2024-10-28 13:45:10.621272,0.63,0.38,0.38,0.63,0.5975,0.4025,0.4025,0.5975,2.3,2.3
2024-10-28 13:46:11.384326,0.63,0.38,0.38,0.63,0.5975,0.4025,0.4025,0.5975,2.3,2.3
2024-10-28 13:47:12.104233,0.63,0.38,0.38,0.63,0.5975,0.4025,0.4035,0.5965,2.41,2.3
2024-10-28 13:48:12.892632,0.63,0.38,0.38,0.63,0.5975,0.4025,0.4035,0.5965,2.41,2.3
2024-10-28 13:49:13.509377,0.63,0.38,0.38,0.63,0.5975,0.4025,0.4025,0.5975,2.3,2.3
2024-10-28 13:50:14.219131,0.63,0.38,0.38,0.63,0.5975,0.4025,0.4025,0.5975,2.3,2.3
2024-10-28 13:51:14.886840,0.63,0.38,0.38,0.63,0.5975,0.4025,0.4025,0.5975,2.3,2.3
2024-10-28 13:52:15.547283,0.63,0.38,0.38,0.63,0.5975,0.4025,0.4025,0.5975,2.3,2.3
2024-10-28 13:53:16.160725,0.63,0.38,0.38,0.63,0.5975,0.4025,0.4025,0.5975,2.3,2.3
2024-10-28 13:54:16.790054,0.63,0.38,0.38,0.63,0.5975,0.4025,0.4025,0.5975,2.3,2.3
2024-10-28 13:55:17.424776,0.63,0.38,0.38,0.63,0.598,0.402,0.4025,0.5975,2.3,2.25
2024-10-28 13:56:18.059497,0.63,0.38,0.38,0.63,0.598,0.402,0.4025,0.5975,2.3,2.25
2024-10-28 13:57:18.715516,0.63,0.38,0.38,0.63,0.5975,0.4025,0.4025,0.5975,2.3,2.3
2024-10-28 13:58:19.354027,0.63,0.38,0.38,0.63,0.5975,0.4025,0.4025,0.5975,2.3,2.3
2024-10-28 13:59:20.048919,0.63,0.38,0.38,0.63,0.5975,0.4025,0.4025,0.5975,2.3,2.3
2024-10-28 14:00:20.784144,0.63,0.38,0.38,0.63,0.5975,0.4025,0.4025,0.5975,2.3,2.3
2024-10-28 14:01:21.412517,0.63,0.38,0.38,0.63,0.597,0.403,0.403,0.597,2.35,2.35
2024-10-28 14:02:22.063782,0.63,0.38,0.38,0.63,0.597,0.403,0.403,0.597,2.35,2.35
2024-10-28 14:03:22.709161,0.63,0.38,0.38,0.63,0.597,0.403,0.403,0.597,2.35,2.35
2024-10-28 14:04:23.329993,0.63,0.38,0.38,0.63,0.597,0.403,0.403,0.597,2.35,2.35
2024-10-28 14:05:23.969174,0.63,0.38,0.38,0.63,0.597,0.403,0.4035,0.5965,2.41,2.35
2024-10-28 14:06:24.634185,0.63,0.38,0.38,0.63,0.597,0.403,0.4035,0.5965,2.41,2.35
2024-10-28 14:07:25.433688,0.63,0.38,0.38,0.63,0.597,0.403,0.4035,0.5965,2.41,2.35
2024-10-28 14:08:26.097999,0.63,0.38,0.38,0.63,0.597,0.403,0.4025,0.5975,2.3,2.35
2024-10-28 14:09:26.740814,0.63,0.38,0.38,0.63,0.597,0.403,0.4025,0.5975,2.3,2.35
2024-10-28 14:10:27.383670,0.63,0.38,0.38,0.63,0.597,0.403,0.403,0.597,2.35,2.35
2024-10-28 14:11:28.054765,0.63,0.38,0.38,0.63,0.597,0.403,0.403,0.597,2.35,2.35
2024-10-28 14:12:28.702155,0.63,0.38,0.38,0.63,0.597,0.403,0.403,0.597,2.35,2.35
2024-10-28 14:13:29.322664,0.63,0.38,0.38,0.63,0.597,0.403,0.403,0.597,2.35,2.35
2024-10-28 14:14:29.946831,0.63,0.38,0.38,0.63,0.5975,0.4025,0.4025,0.5975,2.3,2.3
2024-10-28 14:15:30.587945,0.63,0.38,0.38,0.63,0.5975,0.4025,0.4025,0.5975,2.3,2.3
2024-10-28 14:16:31.335138,0.63,0.38,0.38,0.63,0.5965,0.4035,0.4025,0.5975,2.3,2.41
2024-10-28 14:17:31.971128,0.63,0.38,0.38,0.63,0.5965,0.4035,0.4025,0.5975,2.3,2.41
2024-10-28 14:18:32.663609,0.63,0.38,0.38,0.63,0.5965,0.4035,0.403,0.597,2.35,2.41
2024-10-28 14:19:33.415177,0.63,0.38,0.38,0.63,0.5965,0.4035,0.403,0.597,2.35,2.41
2024-10-28 14:20:34.044100,0.63,0.38,0.38,0.63,0.5965,0.4035,0.403,0.597,2.35,2.41
2024-10-28 14:21:34.776452,0.63,0.38,0.38,0.63,0.5965,0.4035,0.403,0.597,2.35,2.41
2024-10-28 14:22:35.416273,0.63,0.38,0.38,0.63,0.5965,0.4035,0.403,0.597,2.35,2.41
2024-10-28 14:23:36.041844,0.63,0.38,0.38,0.63,0.5965,0.4035,0.403,0.597,2.35,2.41
2024-10-28 14:24:36.687485,0.63,0.38,0.38,0.63,0.5965,0.4035,0.403,0.597,2.35,2.41
2024-10-28 14:25:37.318765,0.63,0.38,0.38,0.63,0.5965,0.4035,0.403,0.597,2.35,2.41
2024-10-28 14:26:37.981709,0.63,0.38,0.38,0.63,0.5965,0.4035,0.403,0.597,2.35,2.41
2024-10-28 14:27:38.663048,0.63,0.38,0.38,0.63,0.5965,0.4035,0.403,0.597,2.35,2.41
2024-10-28 14:28:39.345514,0.63,0.38,0.38,0.63,0.597,0.403,0.403,0.597,2.35,2.35
2024-10-28 14:29:39.945460,0.63,0.38,0.38,0.63,0.597,0.403,0.403,0.597,2.35,2.35
2024-10-28 14:30:40.558374,0.63,0.38,0.38,0.63,0.597,0.403,0.403,0.597,2.35,2.35
2024-10-28 14:31:41.199534,0.63,0.38,0.38,0.63,0.597,0.403,0.403,0.597,2.35,2.35
2024-10-28 14:32:41.865690,0.63,0.38,0.38,0.63,0.5965,0.4035,0.4025,0.5975,2.3,2.41
2024-10-28 14:33:42.504446,0.63,0.38,0.38,0.63,0.5965,0.4035,0.4025,0.5975,2.3,2.41
2024-10-28 14:34:43.165483,0.63,0.38,0.38,0.63,0.5965,0.4035,0.4025,0.5975,2.3,2.41
2024-10-28 14:35:43.790598,0.63,0.38,0.38,0.63,0.5965,0.4035,0.4025,0.5975,2.3,2.41
2024-10-28 14:36:44.444418,0.63,0.38,0.38,0.63,0.5965,0.4035,0.4025,0.5975,2.3,2.41
2024-10-28 14:37:45.100939,0.63,0.38,0.38,0.63,0.5965,0.4035,0.4025,0.5975,2.3,2.41
2024-10-28 14:38:45.752474,0.63,0.38,0.38,0.63,0.5965,0.4035,0.4035,0.5965,2.41,2.41
2024-10-28 14:39:46.395888,0.63,0.38,0.38,0.63,0.5965,0.4035,0.4035,0.5965,2.41,2.41
2024-10-28 14:40:47.044590,0.63,0.38,0.38,0.63,0.5965,0.4035,0.4035,0.5965,2.41,2.41
2024-10-28 14:41:49.143951,0.63,0.38,0.38,0.63,0.5965,0.4035,0.4035,0.5965,2.41,2.41
2024-10-28 14:42:49.762980,0.63,0.38,0.38,0.63,0.5965,0.4035,0.4035,0.5965,2.41,2.41
2024-10-28 14:43:50.446663,0.63,0.38,0.38,0.63,0.5965,0.4035,0.4035,0.5965,2.41,2.41
2024-10-28 14:44:51.062773,0.63,0.38,0.38,0.63,0.596,0.404,0.4035,0.5965,2.41,2.46
2024-10-28 14:45:51.663646,0.63,0.38,0.38,0.63,0.596,0.404,0.4035,0.5965,2.41,2.46
2024-10-28 14:46:52.298873,0.63,0.38,0.38,0.63,0.596,0.404,0.4035,0.5965,2.41,2.46
2024-10-28 14:47:52.981158,0.63,0.38,0.38,0.63,0.596,0.404,0.4035,0.5965,2.41,2.46
2024-10-28 14:48:53.646592,0.63,0.38,0.38,0.63,0.596,0.404,0.4035,0.5965,2.41,2.46
2024-10-28 14:49:54.271272,0.63,0.38,0.38,0.63,0.596,0.404,0.4035,0.5965,2.41,2.46
2024-10-28 14:50:54.925305,0.63,0.38,0.38,0.63,0.596,0.404,0.4035,0.5965,2.41,2.46
2024-10-28 14:51:55.583464,0.63,0.38,0.38,0.63,0.596,0.404,0.4035,0.5965,2.41,2.46
2024-10-28 14:52:56.243122,0.63,0.38,0.38,0.63,0.596,0.404,0.4035,0.5965,2.41,2.46
2024-10-28 14:53:56.928578,0.63,0.38,0.38,0.63,0.596,0.404,0.4035,0.5965,2.41,2.46
2024-10-28 14:54:57.581821,0.63,0.38,0.38,0.63,0.596,0.404,0.4035,0.5965,2.41,2.46
2024-10-28 14:55:58.201169,0.63,0.38,0.38,0.63,0.596,0.404,0.4035,0.5965,2.41,2.46
2024-10-28 14:56:59.051362,0.63,0.38,0.38,0.63,0.5965,0.4035,0.4035,0.5965,2.41,2.41
2024-10-28 14:57:59.729520,0.63,0.38,0.38,0.63,0.5965,0.4035,0.4035,0.5965,2.41,2.41
2024-10-28 14:59:00.352516,0.63,0.38,0.38,0.63,0.5965,0.4035,0.4035,0.5965,2.41,2.41
2024-10-28 15:00:01.025771,0.63,0.38,0.38,0.63,0.5965,0.4035,0.4035,0.5965,2.41,2.41
2024-10-28 15:01:01.678466,0.63,0.38,0.38,0.63,0.5965,0.4035,0.4035,0.5965,2.41,2.41
2024-10-28 15:02:02.344053,0.63,0.38,0.38,0.63,0.5965,0.4035,0.4035,0.5965,2.41,2.41
2024-10-28 15:03:02.985588,0.63,0.38,0.38,0.63,0.597,0.403,0.4035,0.5965,2.41,2.35
2024-10-28 15:04:03.612826,0.63,0.38,0.38,0.63,0.597,0.403,0.4035,0.5965,2.41,2.35
2024-10-28 15:05:04.248011,0.63,0.38,0.38,0.63,0.5965,0.4035,0.404,0.596,2.46,2.41
2024-10-28 15:06:09.905420,0.63,0.38,0.38,0.63,0.5965,0.4035,0.404,0.596,2.46,2.41
2024-10-28 15:07:10.551835,0.63,0.38,0.38,0.63,0.5955,0.4045,0.405,0.595,2.56,2.51
2024-10-28 15:08:11.176894,0.63,0.38,0.38,0.63,0.5955,0.4045,0.405,0.595,2.56,2.51
2024-10-28 15:09:11.906213,0.63,0.38,0.38,0.63,0.5955,0.4045,0.4045,0.5955,2.51,2.51
2024-10-28 15:10:12.584628,0.63,0.38,0.38,0.63,0.5955,0.4045,0.4045,0.5955,2.51,2.51
2024-10-28 15:11:13.213096,0.63,0.38,0.38,0.63,0.5955,0.4045,0.4045,0.5955,2.51,2.51
2024-10-28 15:12:13.923474,0.63,0.38,0.38,0.63,0.5955,0.4045,0.4045,0.5955,2.51,2.51
2024-10-28 15:13:14.563305,0.63,0.38,0.38,0.63,0.5945,0.4055,0.4045,0.5955,2.51,2.62
2024-10-28 15:14:15.214495,0.63,0.38,0.38,0.63,0.5945,0.4055,0.4045,0.5955,2.51,2.62
2024-10-28 15:15:15.876412,0.63,0.38,0.38,0.63,0.596,0.404,0.4045,0.5955,2.51,2.46
2024-10-28 15:16:16.521100,0.63,0.38,0.38,0.63,0.596,0.404,0.4045,0.5955,2.51,2.46
2024-10-28 15:17:17.395452,0.63,0.38,0.38,0.63,0.596,0.404,0.4035,0.5965,2.41,2.46
2024-10-28 15:18:18.022520,0.63,0.38,0.38,0.63,0.596,0.404,0.4035,0.5965,2.41,2.46
2024-10-28 15:19:18.680979,0.63,0.38,0.38,0.63,0.5965,0.4035,0.4045,0.5955,2.51,2.41
2024-10-28 15:20:19.336633,0.63,0.38,0.38,0.63,0.5965,0.4035,0.4045,0.5955,2.51,2.41
2024-10-28 15:21:20.003363,0.63,0.38,0.38,0.63,0.596,0.404,0.404,0.596,2.46,2.46
2024-10-28 15:22:20.714507,0.63,0.38,0.38,0.63,0.596,0.404,0.404,0.596,2.46,2.46
2024-10-28 15:23:21.403925,0.63,0.38,0.38,0.63,0.596,0.404,0.404,0.596,2.46,2.46
2024-10-28 15:24:22.016592,0.63,0.38,0.38,0.63,0.596,0.404,0.404,0.596,2.46,2.46
2024-10-28 15:25:22.681436,0.63,0.38,0.38,0.63,0.596,0.404,0.4035,0.5965,2.41,2.46
2024-10-28 15:26:23.300328,0.63,0.38,0.38,0.63,0.596,0.404,0.4035,0.5965,2.41,2.46
2024-10-28 15:27:23.957667,0.63,0.38,0.38,0.63,0.596,0.404,0.4035,0.5965,2.41,2.46
2024-10-28 15:28:24.731640,0.63,0.38,0.38,0.63,0.596,0.404,0.4035,0.5965,2.41,2.46
2024-10-28 15:29:25.383301,0.63,0.38,0.38,0.63,0.596,0.404,0.4035,0.5965,2.41,2.46
2024-10-28 15:30:26.004523,0.63,0.38,0.38,0.63,0.596,0.404,0.4035,0.5965,2.41,2.46
2024-10-28 15:31:26.629221,0.63,0.38,0.38,0.63,0.597,0.403,0.4035,0.5965,2.41,2.35
2024-10-28 15:32:27.327188,0.63,0.38,0.38,0.63,0.597,0.403,0.4035,0.5965,2.41,2.35
2024-10-28 15:33:28.060666,0.63,0.38,0.38,0.63,0.5975,0.4025,0.4035,0.5965,2.41,2.3
2024-10-28 15:34:28.712979,0.63,0.38,0.38,0.63,0.5975,0.4025,0.4035,0.5965,2.41,2.3
2024-10-28 15:35:29.363271,0.63,0.38,0.38,0.63,0.5965,0.4035,0.4035,0.5965,2.41,2.41
2024-10-28 15:36:30.021048,0.63,0.38,0.38,0.63,0.5965,0.4035,0.4035,0.5965,2.41,2.41
2024-10-28 15:37:30.675467,0.63,0.38,0.38,0.63,0.5965,0.4035,0.4035,0.5965,2.41,2.41
2024-10-28 15:38:31.315430,0.63,0.38,0.38,0.63,0.5965,0.4035,0.4035,0.5965,2.41,2.41
2024-10-28 15:39:31.932435,0.63,0.38,0.38,0.63,0.597,0.403,0.4035,0.5965,2.41,2.35
2024-10-28 15:40:32.637596,0.63,0.38,0.38,0.63,0.597,0.403,0.4035,0.5965,2.41,2.35
2024-10-28 15:41:33.383949,0.63,0.38,0.38,0.63,0.597,0.403,0.4035,0.5965,2.41,2.35
2024-10-28 15:42:34.084707,0.63,0.38,0.38,0.63,0.597,0.403,0.4035,0.5965,2.41,2.35
2024-10-28 15:43:34.928478,0.63,0.38,0.38,0.63,0.596,0.404,0.4035,0.5965,2.41,2.46
2024-10-28 15:44:35.530425,0.63,0.38,0.38,0.63,0.596,0.404,0.404,0.596,2.46,2.46
2024-10-28 15:45:36.261564,0.63,0.38,0.38,0.63,0.596,0.404,0.404,0.596,2.46,2.46
2024-10-28 15:46:37.044773,0.63,0.38,0.38,0.63,0.596,0.404,0.404,0.596,2.46,2.46
2024-10-28 15:47:37.667358,0.63,0.38,0.38,0.63,0.596,0.404,0.404,0.596,2.46,2.46
2024-10-28 15:48:38.291117,0.63,0.38,0.38,0.63,0.596,0.404,0.404,0.596,2.46,2.46
2024-10-28 15:49:38.945600,0.63,0.38,0.38,0.63,0.596,0.404,0.404,0.596,2.46,2.46
2024-10-28 15:50:39.575227,0.63,0.38,0.38,0.63,0.596,0.404,0.4045,0.5955,2.51,2.46
2024-10-28 15:51:40.223770,0.63,0.38,0.38,0.63,0.596,0.404,0.4045,0.5955,2.51,2.46
2024-10-28 15:52:40.827215,0.63,0.38,0.38,0.63,0.596,0.404,0.404,0.596,2.46,2.46
2024-10-28 15:53:41.578808,0.63,0.38,0.38,0.63,0.596,0.404,0.404,0.596,2.46,2.46
2024-10-28 15:54:42.335495,0.63,0.38,0.38,0.63,0.596,0.404,0.404,0.596,2.46,2.46
2024-10-28 15:55:43.004207,0.63,0.38,0.38,0.63,0.596,0.404,0.404,0.596,2.46,2.46
2024-10-28 15:56:43.651790,0.63,0.38,0.38,0.63,0.596,0.404,0.404,0.596,2.46,2.46
2024-10-28 15:57:44.346420,0.63,0.38,0.38,0.63,0.596,0.404,0.404,0.596,2.46,2.46
2024-10-28 15:58:45.025143,0.63,0.38,0.38,0.63,0.596,0.404,0.404,0.596,2.46,2.46
2024-10-28 15:59:45.690117,0.63,0.38,0.38,0.63,0.596,0.404,0.404,0.596,2.46,2.46
2024-10-28 16:00:46.304136,0.63,0.38,0.38,0.63,0.5955,0.4045,0.404,0.596,2.46,2.51
2024-10-28 16:01:46.982827,0.63,0.38,0.38,0.63,0.5955,0.4045,0.404,0.596,2.46,2.51
2024-10-28 16:02:47.615471,0.63,0.38,0.38,0.63,0.596,0.404,0.404,0.596,2.46,2.46
2024-10-28 16:03:48.291764,0.63,0.38,0.38,0.63,0.596,0.404,0.404,0.596,2.46,2.46
2024-10-28 16:04:49.025654,0.63,0.38,0.38,0.63,0.5965,0.4035,0.404,0.596,2.46,2.41
2024-10-28 16:05:49.657809,0.63,0.38,0.38,0.63,0.5965,0.4035,0.404,0.596,2.46,2.41
2024-10-28 16:06:53.568273,0.63,0.38,0.38,0.63,0.596,0.404,0.4045,0.5955,2.51,2.46
2024-10-28 16:07:54.251393,0.63,0.38,0.38,0.63,0.596,0.404,0.4045,0.5955,2.51,2.46
2024-10-28 16:08:54.885080,0.63,0.38,0.38,0.63,0.596,0.404,0.404,0.596,2.46,2.46
2024-10-28 16:09:55.538800,0.63,0.38,0.38,0.63,0.596,0.404,0.404,0.596,2.46,2.46
2024-10-28 16:10:56.191936,0.63,0.38,0.38,0.63,0.5955,0.4045,0.404,0.596,2.46,2.51
2024-10-28 16:11:56.841036,0.63,0.38,0.38,0.63,0.5955,0.4045,0.404,0.596,2.46,2.51
2024-10-28 16:12:57.538091,0.63,0.38,0.38,0.63,0.5965,0.4035,0.4045,0.5955,2.51,2.41
2024-10-28 16:13:58.234908,0.63,0.38,0.38,0.63,0.5965,0.4035,0.4045,0.5955,2.51,2.41
2024-10-28 16:14:58.840674,0.63,0.38,0.38,0.63,0.5965,0.4035,0.404,0.596,2.46,2.41
2024-10-28 16:15:59.505154,0.63,0.38,0.38,0.63,0.5965,0.4035,0.404,0.596,2.46,2.41
2024-10-28 16:17:00.297489,0.63,0.38,0.38,0.63,0.5965,0.4035,0.404,0.596,2.46,2.41
2024-10-28 16:18:00.998742,0.63,0.38,0.38,0.63,0.5965,0.4035,0.404,0.596,2.46,2.41
2024-10-28 16:19:01.709895,0.63,0.38,0.38,0.63,0.5965,0.4035,0.4035,0.5965,2.41,2.41
2024-10-28 16:20:02.353998,0.63,0.38,0.38,0.63,0.5965,0.4035,0.4035,0.5965,2.41,2.41
2024-10-28 16:21:03.146451,0.63,0.38,0.38,0.63,0.597,0.403,0.4035,0.5965,2.41,2.35
2024-10-28 16:22:03.790273,0.63,0.38,0.38,0.63,0.597,0.403,0.4035,0.5965,2.41,2.35
2024-10-28 16:23:04.455174,0.63,0.38,0.38,0.63,0.597,0.403,0.4035,0.5965,2.41,2.35
2024-10-28 16:24:05.086277,0.64,0.38,0.38,0.63,0.597,0.403,0.4035,0.5965,2.41,2.35
2024-10-28 16:25:05.720785,0.64,0.38,0.38,0.63,0.597,0.403,0.4035,0.5965,2.41,2.35
2024-10-28 16:26:06.441236,0.64,0.38,0.38,0.63,0.597,0.403,0.4035,0.5965,2.41,2.35
2024-10-28 16:27:07.065154,0.64,0.38,0.38,0.63,0.597,0.403,0.4035,0.5965,2.41,2.35
2024-10-28 16:28:07.827037,0.64,0.38,0.38,0.63,0.597,0.403,0.4035,0.5965,2.41,2.35
2024-10-28 16:29:08.666497,0.64,0.38,0.38,0.63,0.597,0.403,0.4035,0.5965,2.41,2.35
2024-10-28 16:30:09.360252,0.64,0.38,0.38,0.63,0.597,0.403,0.4035,0.5965,2.41,2.35
2024-10-28 16:31:10.003239,0.64,0.38,0.38,0.63,0.597,0.403,0.4035,0.5965,2.41,2.35
2024-10-28 16:32:10.691086,0.64,0.38,0.38,0.63,0.597,0.403,0.4035,0.5965,2.41,2.35
2024-10-28 16:33:11.348154,0.64,0.38,0.38,0.63,0.597,0.403,0.4035,0.5965,2.41,2.35
2024-10-28 16:34:12.034669,0.64,0.38,0.38,0.63,0.597,0.403,0.4035,0.5965,2.41,2.35
2024-10-28 16:35:12.670863,0.64,0.38,0.38,0.63,0.597,0.403,0.4035,0.5965,2.41,2.35
2024-10-28 16:36:13.329274,0.64,0.38,0.38,0.63,0.597,0.403,0.4035,0.5965,2.41,2.35
2024-10-28 16:37:14.084440,0.64,0.38,0.38,0.63,0.597,0.403,0.4035,0.5965,2.41,2.35
2024-10-28 16:38:14.869542,0.63,0.38,0.38,0.63,0.597,0.403,0.4035,0.5965,2.41,2.35
2024-10-28 16:39:15.530646,0.63,0.38,0.38,0.63,0.597,0.403,0.4035,0.5965,2.41,2.35
2024-10-28 16:40:16.330057,0.63,0.38,0.38,0.63,0.597,0.403,0.4035,0.5965,2.41,2.35
2024-10-28 16:41:17.028115,0.63,0.38,0.38,0.63,0.597,0.403,0.4035,0.5965,2.41,2.35
2024-10-28 16:42:17.649329,0.63,0.38,0.38,0.63,0.597,0.403,0.4035,0.5965,2.41,2.35
2024-10-28 16:43:18.269433,0.63,0.38,0.38,0.63,0.597,0.403,0.4035,0.5965,2.41,2.35
2024-10-28 16:44:18.915603,0.63,0.38,0.38,0.63,0.597,0.403,0.4035,0.5965,2.41,2.35
2024-10-28 16:45:19.537878,0.63,0.38,0.38,0.63,0.597,0.403,0.4035,0.5965,2.41,2.35
2024-10-28 16:46:20.177460,0.63,0.38,0.38,0.63,0.597,0.403,0.4035,0.5965,2.41,2.35
2024-10-28 16:47:20.885224,0.63,0.38,0.38,0.63,0.597,0.403,0.404,0.596,2.46,2.35
2024-10-28 16:48:21.566112,0.63,0.38,0.38,0.63,0.597,0.403,0.404,0.596,2.46,2.35
2024-10-28 16:49:22.190645,0.63,0.38,0.38,0.63,0.597,0.403,0.4035,0.5965,2.41,2.35
2024-10-28 16:50:22.976876,0.63,0.38,0.38,0.63,0.597,0.403,0.4035,0.5965,2.41,2.35
2024-10-28 16:51:23.611125,0.63,0.38,0.38,0.63,0.5975,0.4025,0.4035,0.5965,2.41,2.3
2024-10-28 16:52:24.398994,0.63,0.38,0.38,0.63,0.5975,0.4025,0.4035,0.5965,2.41,2.3
2024-10-28 16:53:25.041958,0.63,0.38,0.38,0.63,0.5975,0.4025,0.4035,0.5965,2.41,2.3
2024-10-28 16:54:25.683087,0.63,0.38,0.38,0.63,0.5975,0.4025,0.4035,0.5965,2.41,2.3
2024-10-28 16:55:26.296054,0.63,0.38,0.38,0.63,0.5965,0.4035,0.4045,0.5955,2.51,2.41
2024-10-28 16:56:26.943903,0.63,0.38,0.38,0.63,0.5965,0.4035,0.4045,0.5955,2.51,2.41
2024-10-28 16:57:27.578318,0.63,0.38,0.38,0.63,0.5965,0.4035,0.4045,0.5955,2.51,2.41
2024-10-28 16:58:28.213806,0.63,0.38,0.38,0.63,0.5965,0.4035,0.4045,0.5955,2.51,2.41
2024-10-28 16:59:28.872594,0.63,0.38,0.38,0.63,0.5965,0.4035,0.4045,0.5955,2.51,2.41
2024-10-28 17:00:29.631742,0.63,0.38,0.38,0.63,0.5965,0.4035,0.4045,0.5955,2.51,2.41
2024-10-28 17:01:30.241871,0.63,0.38,0.38,0.63,0.5965,0.4035,0.4045,0.5955,2.51,2.41
2024-10-28 17:02:31.035385,0.63,0.38,0.38,0.63,0.5965,0.4035,0.4045,0.5955,2.51,2.41
2024-10-28 17:03:31.833995,0.63,0.38,0.38,0.63,0.5965,0.4035,0.4045,0.5955,2.51,2.41
2024-10-28 17:04:32.495048,0.63,0.38,0.38,0.63,0.5965,0.4035,0.4045,0.5955,2.51,2.41
2024-10-28 17:05:33.139583,0.63,0.38,0.38,0.63,0.5965,0.4035,0.4045,0.5955,2.51,2.41
2024-10-28 17:06:33.814254,0.63,0.38,0.38,0.63,0.5965,0.4035,0.4045,0.5955,2.51,2.41
2024-10-28 17:07:34.535249,0.63,0.38,0.38,0.63,0.5955,0.4045,0.4045,0.5955,2.51,2.51
2024-10-28 17:08:35.147166,0.63,0.38,0.38,0.63,0.5955,0.4045,0.4045,0.5955,2.51,2.51
2024-10-28 17:09:35.793269,0.63,0.38,0.38,0.63,0.5945,0.4055,0.4045,0.5955,2.51,2.62
2024-10-28 17:10:36.544034,0.63,0.38,0.38,0.63,0.5945,0.4055,0.4045,0.5955,2.51,2.62
2024-10-28 17:11:37.318639,0.63,0.38,0.38,0.63,0.5945,0.4055,0.4055,0.5945,2.62,2.62
2024-10-28 17:12:37.979800,0.63,0.38,0.38,0.63,0.5945,0.4055,0.4055,0.5945,2.62,2.62
2024-10-28 17:13:38.645729,0.63,0.38,0.38,0.63,0.5945,0.4055,0.4055,0.5945,2.62,2.62
2024-10-28 17:14:39.285704,0.63,0.38,0.38,0.63,0.5945,0.4055,0.4055,0.5945,2.62,2.62
2024-10-28 17:15:39.980281,0.63,0.38,0.38,0.63,0.5945,0.4055,0.4065,0.5935,2.72,2.62
2024-10-28 17:16:40.749910,0.63,0.38,0.38,0.63,0.5945,0.4055,0.4065,0.5935,2.72,2.62
2024-10-28 17:17:41.406457,0.63,0.38,0.38,0.63,0.5945,0.4055,0.4065,0.5935,2.72,2.62
2024-10-28 17:18:42.031133,0.63,0.38,0.38,0.63,0.5935,0.4065,0.406,0.594,2.67,2.72
2024-10-28 17:19:42.628724,0.63,0.38,0.38,0.63,0.5935,0.4065,0.406,0.594,2.67,2.72
2024-10-28 17:20:43.261844,0.63,0.38,0.38,0.63,0.5935,0.4065,0.4065,0.5935,2.72,2.72
2024-10-28 17:21:43.904734,0.64,0.38,0.38,0.63,0.5935,0.4065,0.4065,0.5935,2.72,2.72
2024-10-28 17:22:44.528473,0.64,0.38,0.38,0.63,0.5935,0.4065,0.406,0.594,2.67,2.72
2024-10-28 17:23:45.191747,0.64,0.38,0.38,0.63,0.5935,0.4065,0.406,0.594,2.67,2.72
2024-10-28 17:24:45.834559,0.64,0.38,0.38,0.63,0.5935,0.4065,0.406,0.594,2.67,2.72
2024-10-28 17:25:46.440012,0.64,0.38,0.38,0.63,0.5935,0.4065,0.406,0.594,2.67,2.72
2024-10-28 17:26:47.086095,0.64,0.38,0.38,0.63,0.5935,0.4065,0.406,0.594,2.67,2.72
2024-10-28 17:27:47.744930,0.64,0.38,0.38,0.63,0.5935,0.4065,0.406,0.594,2.67,2.72
2024-10-28 17:28:48.360675,0.64,0.38,0.38,0.63,0.591,0.409,0.4075,0.5925,2.83,2.99
2024-10-28 17:29:49.073524,0.64,0.38,0.38,0.63,0.591,0.409,0.4075,0.5925,2.83,2.99
2024-10-28 17:30:49.723163,0.64,0.38,0.38,0.63,0.5825,0.4175,0.415,0.585,3.63,3.9
2024-10-28 17:31:50.351037,0.64,0.38,0.38,0.63,0.5825,0.4175,0.415,0.585,3.63,3.9
2024-10-28 17:32:51.167226,0.64,0.38,0.38,0.63,0.5825,0.4175,0.4165,0.5835,3.79,3.9
2024-10-28 17:33:51.791116,0.64,0.38,0.38,0.63,0.5825,0.4175,0.4165,0.5835,3.79,3.9
2024-10-28 17:34:52.478029,0.64,0.38,0.38,0.63,0.5825,0.4175,0.4175,0.5825,3.9,3.9
2024-10-28 17:35:53.226577,0.64,0.38,0.38,0.63,0.5825,0.4175,0.4175,0.5825,3.9,3.9
2024-10-28 17:36:53.916586,0.64,0.38,0.38,0.63,0.5825,0.4175,0.4175,0.5825,3.9,3.9
2024-10-28 17:37:54.572794,0.63,0.38,0.38,0.63,0.5825,0.4175,0.4175,0.5825,3.9,3.9
2024-10-28 17:38:55.250683,0.63,0.38,0.38,0.63,0.5835,0.4165,0.4175,0.5825,3.9,3.79
2024-10-28 17:39:55.823887,0.63,0.38,0.38,0.63,0.5835,0.4165,0.4175,0.5825,3.9,3.79
2024-10-28 17:40:56.424082,0.63,0.38,0.38,0.63,0.582,0.418,0.4175,0.5825,3.9,3.95
2024-10-28 17:41:57.050456,0.63,0.38,0.38,0.63,0.582,0.418,0.4175,0.5825,3.9,3.95
2024-10-28 17:42:57.654174,0.63,0.38,0.38,0.63,0.583,0.417,0.4175,0.5825,3.9,3.84
2024-10-28 17:43:58.232940,0.63,0.38,0.38,0.63,0.583,0.417,0.4175,0.5825,3.9,3.84
2024-10-28 17:44:58.822850,0.63,0.38,0.38,0.63,0.583,0.417,0.4175,0.5825,3.9,3.84
2024-10-28 17:45:59.441528,0.63,0.38,0.38,0.63,0.583,0.417,0.4175,0.5825,3.9,3.84
2024-10-28 17:47:00.039552,0.63,0.38,0.38,0.63,0.583,0.417,0.4165,0.5835,3.79,3.84
2024-10-28 17:48:00.673958,0.63,0.38,0.38,0.63,0.583,0.417,0.4165,0.5835,3.79,3.84
2024-10-28 17:49:01.267431,0.63,0.38,0.38,0.63,0.5835,0.4165,0.4165,0.5835,3.79,3.79
2024-10-28 17:50:02.009255,0.63,0.38,0.38,0.63,0.5835,0.4165,0.4165,0.5835,3.79,3.79
2024-10-28 17:51:02.732223,0.63,0.38,0.38,0.63,0.5835,0.4165,0.4165,0.5835,3.79,3.79
2024-10-28 17:52:03.321246,0.63,0.38,0.38,0.63,0.5835,0.4165,0.4165,0.5835,3.79,3.79
2024-10-28 17:53:03.951755,0.63,0.38,0.38,0.63,0.5835,0.4165,0.4165,0.5835,3.79,3.79
2024-10-28 17:54:04.620503,0.63,0.38,0.38,0.63,0.5835,0.4165,0.4165,0.5835,3.79,3.79
2024-10-28 17:55:05.227532,0.63,0.38,0.38,0.63,0.583,0.417,0.4165,0.5835,3.79,3.84
2024-10-28 17:56:05.823110,0.63,0.38,0.38,0.63,0.583,0.417,0.4165,0.5835,3.79,3.84
2024-10-28 17:57:06.414537,0.63,0.38,0.38,0.63,0.583,0.417,0.4165,0.5835,3.79,3.84
2024-10-28 17:58:07.031149,0.63,0.38,0.38,0.63,0.583,0.417,0.4165,0.5835,3.79,3.84
2024-10-28 17:59:07.698915,0.63,0.38,0.38,0.63,0.5835,0.4165,0.4145,0.5855,3.57,3.79
2024-10-28 18:00:08.369514,0.63,0.38,0.38,0.63,0.5835,0.4165,0.4145,0.5855,3.57,3.79
2024-10-28 18:01:08.967796,0.63,0.38,0.38,0.63,0.5835,0.4165,0.4145,0.5855,3.57,3.79
2024-10-28 18:02:09.705975,0.63,0.38,0.38,0.63,0.5835,0.4165,0.4145,0.5855,3.57,3.79
2024-10-28 18:03:10.310507,0.63,0.38,0.38,0.63,0.584,0.416,0.4135,0.5865,3.47,3.73
2024-10-28 18:04:10.967324,0.63,0.38,0.38,0.63,0.584,0.416,0.4135,0.5865,3.47,3.73
2024-10-28 18:05:11.623876,0.63,0.38,0.38,0.63,0.5825,0.4175,0.416,0.584,3.73,3.9
2024-10-28 18:06:12.287784,0.63,0.38,0.38,0.63,0.5825,0.4175,0.416,0.584,3.73,3.9
2024-10-28 18:07:12.895986,0.63,0.38,0.38,0.63,0.583,0.417,0.4165,0.5835,3.79,3.84
2024-10-28 18:08:13.492009,0.63,0.38,0.38,0.63,0.583,0.417,0.4165,0.5835,3.79,3.84
2024-10-28 18:09:14.152358,0.63,0.38,0.38,0.63,0.583,0.417,0.4165,0.5835,3.79,3.84
2024-10-28 18:10:14.742312,0.63,0.38,0.38,0.63,0.583,0.417,0.4165,0.5835,3.79,3.84
2024-10-28 18:11:15.380166,0.63,0.38,0.38,0.63,0.583,0.417,0.4165,0.5835,3.79,3.84
2024-10-28 18:12:16.058204,0.63,0.38,0.38,0.63,0.583,0.417,0.4165,0.5835,3.79,3.84
2024-10-28 18:13:16.761713,0.63,0.38,0.38,0.63,0.583,0.417,0.417,0.583,3.84,3.84
2024-10-28 18:14:17.453864,0.63,0.38,0.38,0.63,0.583,0.417,0.417,0.583,3.84,3.84
2024-10-28 18:15:18.084249,0.63,0.38,0.38,0.63,0.5825,0.4175,0.4175,0.5825,3.9,3.9
2024-10-28 18:16:18.750605,0.63,0.38,0.38,0.63,0.5825,0.4175,0.4175,0.5825,3.9,3.9
2024-10-28 18:17:19.350211,0.63,0.38,0.38,0.63,0.5825,0.4175,0.4175,0.5825,3.9,3.9
2024-10-28 18:18:20.081173,0.63,0.38,0.38,0.63,0.5825,0.4175,0.4175,0.5825,3.9,3.9
2024-10-28 18:19:20.733241,0.63,0.38,0.38,0.63,0.5825,0.4175,0.418,0.582,3.95,3.9
2024-10-28 18:20:21.404809,0.63,0.38,0.38,0.63,0.5825,0.4175,0.418,0.582,3.95,3.9
2024-10-28 18:21:22.019933,0.63,0.38,0.38,0.63,0.5825,0.4175,0.418,0.582,3.95,3.9
2024-10-28 18:22:22.696972,0.63,0.38,0.38,0.63,0.5825,0.4175,0.418,0.582,3.95,3.9
2024-10-28 18:23:23.306300,0.63,0.38,0.38,0.63,0.583,0.417,0.418,0.582,3.95,3.84
2024-10-28 18:24:23.945842,0.63,0.38,0.38,0.63,0.583,0.417,0.418,0.582,3.95,3.84
2024-10-28 18:25:24.567968,0.63,0.38,0.38,0.63,0.5825,0.4175,0.4185,0.5815,4.0,3.9
2024-10-28 18:26:25.187083,0.63,0.38,0.38,0.63,0.5825,0.4175,0.4185,0.5815,4.0,3.9
2024-10-28 18:27:25.773350,0.63,0.38,0.38,0.63,0.581,0.419,0.4185,0.5815,4.0,4.06
2024-10-28 18:28:26.486321,0.63,0.38,0.38,0.63,0.581,0.419,0.4185,0.5815,4.0,4.06
2024-10-28 18:29:27.076207,0.63,0.38,0.38,0.63,0.581,0.419,0.4185,0.5815,4.0,4.06
2024-10-28 18:30:27.663929,0.63,0.38,0.38,0.63,0.581,0.419,0.4185,0.5815,4.0,4.06
2024-10-28 18:31:28.321696,0.63,0.38,0.38,0.63,0.581,0.419,0.4185,0.5815,4.0,4.06
2024-10-28 18:32:29.007462,0.63,0.38,0.38,0.63,0.581,0.419,0.4185,0.5815,4.0,4.06
2024-10-28 18:33:29.667249,0.63,0.38,0.38,0.63,0.581,0.419,0.4185,0.5815,4.0,4.06
2024-10-28 18:34:30.246803,0.63,0.38,0.38,0.63,0.581,0.419,0.4185,0.5815,4.0,4.06
2024-10-28 18:35:30.953900,0.63,0.38,0.38,0.63,0.581,0.419,0.4195,0.5805,4.11,4.06
2024-10-28 18:36:31.535199,0.63,0.38,0.38,0.63,0.581,0.419,0.4195,0.5805,4.11,4.06
2024-10-28 18:37:32.189626,0.63,0.38,0.38,0.63,0.581,0.419,0.4195,0.5805,4.11,4.06
2024-10-28 18:38:32.795295,0.63,0.38,0.38,0.63,0.581,0.419,0.4195,0.5805,4.11,4.06
2024-10-28 18:39:33.439512,0.63,0.38,0.38,0.63,0.581,0.419,0.4195,0.5805,4.11,4.06
2024-10-28 18:40:34.130816,0.63,0.38,0.38,0.63,0.581,0.419,0.4195,0.5805,4.11,4.06
2024-10-28 18:41:34.815773,0.63,0.38,0.38,0.63,0.581,0.419,0.4195,0.5805,4.11,4.06
2024-10-28 18:42:35.500937,0.63,0.38,0.38,0.63,0.581,0.419,0.4195,0.5805,4.11,4.06
2024-10-28 18:43:36.106135,0.63,0.38,0.38,0.63,0.581,0.419,0.4195,0.5805,4.11,4.06
2024-10-28 18:44:36.737850,0.63,0.38,0.38,0.63,0.581,0.419,0.4195,0.5805,4.11,4.06
2024-10-28 18:45:37.342150,0.63,0.38,0.38,0.63,0.581,0.419,0.4195,0.5805,4.11,4.06
2024-10-28 18:46:37.972810,0.63,0.38,0.38,0.63,0.581,0.419,0.4195,0.5805,4.11,4.06
2024-10-28 18:47:38.545860,0.63,0.38,0.38,0.63,0.5825,0.4175,0.419,0.581,4.06,3.9
2024-10-28 18:48:39.160580,0.63,0.38,0.38,0.63,0.583,0.417,0.419,0.581,4.06,3.84
2024-10-28 18:49:39.770301,0.63,0.38,0.38,0.63,0.583,0.417,0.4185,0.5815,4.0,3.84
2024-10-28 18:50:40.357758,0.63,0.38,0.38,0.63,0.583,0.417,0.4185,0.5815,4.0,3.84
2024-10-28 18:51:40.936998,0.63,0.38,0.38,0.63,0.583,0.417,0.4185,0.5815,4.0,3.84
2024-10-28 18:52:41.568303,0.63,0.38,0.38,0.63,0.583,0.417,0.4185,0.5815,4.0,3.84
2024-10-28 18:53:42.231600,0.63,0.38,0.38,0.63,0.583,0.417,0.4185,0.5815,4.0,3.84
2024-10-28 18:54:42.896293,0.63,0.38,0.38,0.63,0.583,0.417,0.4175,0.5825,3.9,3.84
2024-10-28 18:55:43.543398,0.63,0.38,0.38,0.63,0.583,0.417,0.4175,0.5825,3.9,3.84
2024-10-28 18:56:44.204727,0.63,0.38,0.38,0.63,0.583,0.417,0.4175,0.5825,3.9,3.84
2024-10-28 18:57:44.863410,0.63,0.38,0.39,0.63,0.583,0.417,0.4175,0.5825,3.9,3.84
2024-10-28 18:58:45.543717,0.63,0.38,0.39,0.63,0.5835,0.4165,0.4175,0.5825,3.9,3.79
2024-10-28 18:59:46.112645,0.63,0.38,0.39,0.63,0.5835,0.4165,0.4175,0.5825,3.9,3.79
2024-10-28 19:00:46.748055,0.63,0.38,0.39,0.63,0.5835,0.4165,0.4175,0.5825,3.9,3.79
2024-10-28 19:01:47.327432,0.63,0.38,0.39,0.63,0.5835,0.4165,0.4175,0.5825,3.9,3.79
2024-10-28 19:02:48.014686,0.63,0.38,0.39,0.63,0.583,0.417,0.4175,0.5825,3.9,3.84
2024-10-28 19:03:48.668891,0.63,0.38,0.39,0.63,0.583,0.417,0.4175,0.5825,3.9,3.84
2024-10-28 19:04:49.236058,0.63,0.38,0.39,0.63,0.5815,0.4185,0.4185,0.5815,4.0,4.0
2024-10-28 19:05:49.915781,0.63,0.38,0.39,0.63,0.5815,0.4185,0.4185,0.5815,4.0,4.0
2024-10-28 19:06:50.534521,0.63,0.38,0.39,0.63,0.5815,0.4185,0.4185,0.5815,4.0,4.0
2024-10-28 19:07:51.289405,0.63,0.38,0.39,0.63,0.5815,0.4185,0.4185,0.5815,4.0,4.0
2024-10-28 19:08:52.087463,0.63,0.38,0.39,0.63,0.5815,0.4185,0.4185,0.5815,4.0,4.0
2024-10-28 19:09:52.690503,0.63,0.38,0.39,0.63,0.5815,0.4185,0.4185,0.5815,4.0,4.0
2024-10-28 19:10:53.269623,0.63,0.38,0.39,0.63,0.5815,0.4185,0.4175,0.5825,3.9,4.0
2024-10-28 19:11:53.900560,0.63,0.38,0.39,0.63,0.5815,0.4185,0.4175,0.5825,3.9,4.0
2024-10-28 19:12:54.514094,0.63,0.39,0.39,0.63,0.5775,0.4225,0.422,0.578,3.31,3.36
2024-10-28 19:13:55.129897,0.63,0.39,0.39,0.63,0.5775,0.4225,0.422,0.578,3.31,3.36
2024-10-28 19:14:55.822385,0.63,0.39,0.39,0.63,0.574,0.426,0.4235,0.5765,3.47,3.73
2024-10-28 19:15:56.712912,0.63,0.39,0.39,0.63,0.574,0.426,0.4235,0.5765,3.47,3.73
2024-10-28 19:16:57.429208,0.63,0.39,0.39,0.63,0.5745,0.4255,0.4235,0.5765,3.47,3.68
2024-10-28 19:17:57.995452,0.63,0.39,0.39,0.63,0.5745,0.4255,0.4235,0.5765,3.47,3.68
2024-10-28 19:18:58.604995,0.63,0.39,0.39,0.62,0.5735,0.4265,0.4245,0.5755,3.57,3.79
2024-10-28 19:19:59.261325,0.63,0.39,0.39,0.62,0.5735,0.4265,0.4245,0.5755,3.57,3.79
2024-10-28 19:20:59.874703,0.63,0.39,0.39,0.62,0.574,0.426,0.425,0.575,3.63,3.73
2024-10-28 19:22:00.504157,0.63,0.39,0.39,0.62,0.574,0.426,0.425,0.575,3.63,3.73
2024-10-28 19:23:02.120251,0.63,0.39,0.39,0.62,0.5735,0.4265,0.426,0.574,3.73,3.79
2024-10-28 19:24:02.795371,0.63,0.39,0.39,0.62,0.5735,0.4265,0.426,0.574,3.73,3.79
2024-10-28 19:25:03.391699,0.63,0.39,0.39,0.62,0.574,0.426,0.425,0.575,3.63,3.73
2024-10-28 19:26:04.049114,0.63,0.39,0.39,0.62,0.574,0.426,0.425,0.575,3.63,3.73
2024-10-28 19:27:04.709038,0.63,0.38,0.39,0.62,0.574,0.426,0.4255,0.5745,4.77,4.82
2024-10-28 19:28:05.375808,0.63,0.38,0.39,0.62,0.574,0.426,0.4255,0.5745,4.77,4.82
2024-10-28 19:29:05.972332,0.63,0.38,0.39,0.62,0.574,0.426,0.4255,0.5745,4.77,4.82
2024-10-28 19:30:06.642120,0.63,0.38,0.39,0.62,0.574,0.426,0.4255,0.5745,4.77,4.82
2024-10-28 19:31:07.233528,0.63,0.38,0.39,0.62,0.5735,0.4265,0.4255,0.5745,4.77,4.88
2024-10-28 19:32:07.928394,0.63,0.38,0.39,0.62,0.5735,0.4265,0.4255,0.5745,4.77,4.88
2024-10-28 19:33:08.667710,0.63,0.38,0.39,0.62,0.5735,0.4265,0.4255,0.5745,4.77,4.88
2024-10-28 19:34:09.377529,0.63,0.38,0.39,0.62,0.5735,0.4265,0.4255,0.5745,4.77,4.88
2024-10-28 19:35:10.137986,0.63,0.38,0.38,0.63,0.5735,0.4265,0.4255,0.5745,4.77,4.88
2024-10-28 19:36:10.763537,0.63,0.38,0.38,0.63,0.5735,0.4265,0.4255,0.5745,4.77,4.88
2024-10-28 19:37:11.342665,0.63,0.38,0.38,0.63,0.5735,0.4265,0.4255,0.5745,4.77,4.88
2024-10-28 19:38:12.038120,0.63,0.38,0.39,0.63,0.5735,0.4265,0.4255,0.5745,4.77,4.88
2024-10-28 19:39:12.606918,0.63,0.38,0.39,0.63,0.572,0.428,0.4295,0.5705,5.21,5.04
2024-10-28 19:40:13.261330,0.63,0.38,0.39,0.63,0.572,0.428,0.4295,0.5705,5.21,5.04
2024-10-28 19:41:13.880597,0.63,0.38,0.39,0.63,0.5705,0.4295,0.4295,0.5705,5.21,5.21
2024-10-28 19:42:14.556033,0.63,0.38,0.39,0.63,0.5705,0.4295,0.4295,0.5705,5.21,5.21
2024-10-28 19:43:15.179640,0.63,0.38,0.39,0.63,0.5715,0.4285,0.4285,0.5715,5.1,5.1
2024-10-28 19:44:15.864553,0.63,0.38,0.39,0.63,0.5715,0.4285,0.4285,0.5715,5.1,5.1
2024-10-28 19:45:16.485379,0.63,0.38,0.39,0.63,0.571,0.429,0.429,0.571,5.15,5.15
2024-10-28 19:46:17.129869,0.63,0.38,0.39,0.63,0.571,0.429,0.429,0.571,5.15,5.15
2024-10-28 19:47:17.770542,0.62,0.39,0.39,0.63,0.571,0.429,0.4295,0.5705,4.11,4.06
2024-10-28 19:48:18.534065,0.62,0.39,0.39,0.63,0.571,0.429,0.4295,0.5705,4.11,4.06
2024-10-28 19:49:19.205894,0.62,0.39,0.39,0.63,0.571,0.429,0.4295,0.5705,4.11,4.06
2024-10-28 19:50:19.795648,0.62,0.39,0.39,0.63,0.571,0.429,0.4295,0.5705,4.11,4.06
2024-10-28 19:51:20.461179,0.62,0.39,0.39,0.63,0.5715,0.4285,0.4295,0.5705,4.11,4.0
2024-10-28 19:52:21.112122,0.62,0.39,0.39,0.63,0.5715,0.4285,0.4295,0.5705,4.11,4.0
2024-10-28 19:53:21.767178,0.62,0.39,0.39,0.63,0.5715,0.4285,0.4295,0.5705,4.11,4.0
2024-10-28 19:54:22.383157,0.62,0.39,0.39,0.63,0.5715,0.4285,0.4295,0.5705,4.11,4.0
2024-10-28 19:55:23.089755,0.62,0.39,0.39,0.63,0.5705,0.4295,0.4295,0.5705,4.11,4.11
2024-10-28 19:56:23.900178,0.62,0.39,0.39,0.63,0.5705,0.4295,0.4295,0.5705,4.11,4.11
2024-10-28 19:57:24.545049,0.62,0.39,0.39,0.63,0.5705,0.4295,0.4295,0.5705,4.11,4.11
2024-10-28 19:58:25.202056,0.62,0.39,0.39,0.63,0.5705,0.4295,0.4295,0.5705,4.11,4.11
2024-10-28 19:59:25.894528,0.62,0.39,0.39,0.63,0.5705,0.4295,0.4295,0.5705,4.11,4.11
2024-10-28 20:00:26.502021,0.62,0.39,0.39,0.63,0.5705,0.4295,0.4295,0.5705,4.11,4.11
2024-10-28 20:01:27.135683,0.62,0.39,0.39,0.63,0.5705,0.4295,0.4295,0.5705,4.11,4.11
2024-10-28 20:02:27.763729,0.62,0.39,0.39,0.63,0.5705,0.4295,0.4295,0.5705,4.11,4.11
2024-10-28 20:03:28.483501,0.62,0.39,0.39,0.63,0.5705,0.4295,0.4295,0.5705,4.11,4.11
2024-10-28 20:04:29.211853,0.62,0.39,0.39,0.63,0.5705,0.4295,0.4295,0.5705,4.11,4.11
2024-10-28 20:05:29.859315,0.62,0.39,0.39,0.63,0.5715,0.4285,0.429,0.571,4.06,4.0
2024-10-28 20:06:30.454943,0.62,0.39,0.39,0.62,0.5715,0.4285,0.429,0.571,4.06,4.0
2024-10-28 20:07:31.050942,0.62,0.39,0.39,0.62,0.5715,0.4285,0.429,0.571,4.06,4.0
2024-10-28 20:08:31.661821,0.62,0.39,0.39,0.62,0.5715,0.4285,0.429,0.571,4.06,4.0
2024-10-28 20:09:32.315652,0.62,0.39,0.39,0.62,0.5715,0.4285,0.429,0.571,4.06,4.0
2024-10-28 20:10:32.923979,0.62,0.39,0.39,0.62,0.5715,0.4285,0.429,0.571,4.06,4.0
2024-10-28 20:11:33.557342,0.62,0.39,0.39,0.62,0.5715,0.4285,0.429,0.571,4.06,4.0
2024-10-28 20:12:34.176586,0.62,0.39,0.39,0.62,0.5715,0.4285,0.429,0.571,4.06,4.0
2024-10-28 20:13:34.767448,0.62,0.39,0.39,0.62,0.5715,0.4285,0.429,0.571,4.06,4.0
2024-10-28 20:14:35.383578,0.62,0.39,0.39,0.62,0.5715,0.4285,0.429,0.571,4.06,4.0
2024-10-28 20:15:35.995180,0.62,0.39,0.39,0.62,0.5715,0.4285,0.429,0.571,4.06,4.0
2024-10-28 20:16:36.619297,0.62,0.39,0.39,0.62,0.5715,0.4285,0.429,0.571,4.06,4.0
2024-10-28 20:17:37.183419,0.62,0.39,0.39,0.62,0.5715,0.4285,0.4285,0.5715,4.0,4.0
2024-10-28 20:18:37.796080,0.62,0.39,0.39,0.62,0.5715,0.4285,0.4285,0.5715,4.0,4.0
2024-10-28 20:19:38.435409,0.62,0.39,0.39,0.62,0.5715,0.4285,0.4285,0.5715,4.0,4.0
2024-10-28 20:20:39.026688,0.62,0.39,0.39,0.63,0.5715,0.4285,0.4285,0.5715,4.0,4.0
2024-10-28 20:21:39.669925,0.62,0.39,0.39,0.63,0.5715,0.4285,0.4285,0.5715,4.0,4.0
2024-10-28 20:22:40.275771,0.62,0.39,0.39,0.63,0.5715,0.4285,0.4285,0.5715,4.0,4.0
2024-10-28 20:23:41.022041,0.62,0.39,0.39,0.63,0.572,0.428,0.4285,0.5715,4.0,3.95
2024-10-28 20:24:41.645437,0.62,0.39,0.39,0.63,0.572,0.428,0.4285,0.5715,4.0,3.95
2024-10-28 20:25:42.255533,0.62,0.39,0.39,0.63,0.572,0.428,0.4285,0.5715,4.0,3.95
2024-10-28 20:26:42.856077,0.62,0.39,0.39,0.63,0.572,0.428,0.4285,0.5715,4.0,3.95
2024-10-28 20:27:43.463022,0.62,0.39,0.39,0.63,0.5715,0.4285,0.4285,0.5715,4.0,4.0
2024-10-28 20:28:44.030438,0.62,0.39,0.39,0.63,0.5715,0.4285,0.4285,0.5715,4.0,4.0
2024-10-28 20:29:44.623748,0.62,0.39,0.39,0.63,0.572,0.428,0.4285,0.5715,4.0,3.95
2024-10-28 20:30:45.239257,0.62,0.39,0.39,0.63,0.572,0.428,0.4285,0.5715,4.0,3.95
2024-10-28 20:31:45.873754,0.62,0.39,0.39,0.63,0.572,0.428,0.4285,0.5715,4.0,3.95
2024-10-28 20:32:46.517318,0.62,0.39,0.39,0.63,0.572,0.428,0.4285,0.5715,4.0,3.95
2024-10-28 20:33:47.117326,0.62,0.39,0.39,0.63,0.572,0.428,0.4285,0.5715,4.0,3.95
2024-10-28 20:34:47.703300,0.62,0.39,0.39,0.63,0.572,0.428,0.4285,0.5715,4.0,3.95
2024-10-28 20:35:48.468779,0.62,0.39,0.39,0.63,0.5715,0.4285,0.4285,0.5715,4.0,4.0
2024-10-28 20:36:49.065040,0.62,0.39,0.39,0.63,0.5715,0.4285,0.4285,0.5715,4.0,4.0
2024-10-28 20:37:49.679504,0.62,0.39,0.39,0.63,0.5715,0.4285,0.4285,0.5715,4.0,4.0
2024-10-28 20:38:50.322968,0.62,0.39,0.39,0.63,0.5715,0.4285,0.4285,0.5715,4.0,4.0
2024-10-28 20:39:50.950432,0.62,0.39,0.39,0.63,0.5715,0.4285,0.4285,0.5715,4.0,4.0
2024-10-28 20:40:51.532894,0.62,0.39,0.39,0.63,0.5715,0.4285,0.4285,0.5715,4.0,4.0
2024-10-28 20:41:52.217352,0.62,0.39,0.39,0.62,0.5715,0.4285,0.4285,0.5715,4.0,4.0
2024-10-28 20:42:52.846814,0.62,0.39,0.39,0.62,0.572,0.428,0.4285,0.5715,4.0,3.95
2024-10-28 20:43:53.489134,0.62,0.39,0.39,0.62,0.572,0.428,0.4285,0.5715,4.0,3.95
2024-10-28 20:44:54.133307,0.62,0.39,0.39,0.62,0.572,0.428,0.4285,0.5715,4.0,3.95
2024-10-28 20:45:54.752340,0.62,0.39,0.39,0.62,0.572,0.428,0.4285,0.5715,4.0,3.95
2024-10-28 20:46:55.335493,0.62,0.39,0.39,0.62,0.572,0.428,0.4285,0.5715,4.0,3.95
2024-10-28 20:47:55.954545,0.62,0.39,0.39,0.62,0.572,0.428,0.4285,0.5715,4.0,3.95
2024-10-28 20:48:56.544503,0.62,0.39,0.39,0.62,0.572,0.428,0.4285,0.5715,4.0,3.95
2024-10-28 20:49:57.216732,0.62,0.39,0.39,0.62,0.572,0.428,0.4285,0.5715,4.0,3.95
2024-10-28 20:50:57.825910,0.62,0.39,0.39,0.62,0.5725,0.4275,0.4285,0.5715,4.0,3.9
2024-10-28 20:51:58.483304,0.62,0.39,0.39,0.62,0.5725,0.4275,0.4285,0.5715,4.0,3.9
2024-10-28 20:52:59.123277,0.62,0.39,0.39,0.62,0.5725,0.4275,0.4285,0.5715,4.0,3.9
2024-10-28 20:53:59.761772,0.62,0.39,0.39,0.62,0.5725,0.4275,0.4285,0.5715,4.0,3.9
2024-10-28 20:55:00.350279,0.62,0.39,0.39,0.62,0.576,0.424,0.4255,0.5745,3.68,3.52
2024-10-28 20:56:00.948187,0.62,0.39,0.39,0.62,0.576,0.424,0.4255,0.5745,3.68,3.52
2024-10-28 20:57:01.711379,0.62,0.39,0.39,0.62,0.5765,0.4235,0.4245,0.5755,3.57,3.47
2024-10-28 20:58:02.323186,0.62,0.39,0.39,0.62,0.5765,0.4235,0.4245,0.5755,3.57,3.47
2024-10-28 20:59:02.919130,0.62,0.39,0.39,0.62,0.5815,0.4185,0.4185,0.5815,2.93,2.93
2024-10-28 21:00:03.540314,0.62,0.39,0.39,0.62,0.5815,0.4185,0.4185,0.5815,2.93,2.93
2024-10-28 21:01:04.192270,0.62,0.39,0.39,0.63,0.5815,0.4185,0.4185,0.5815,2.93,2.93
2024-10-28 21:02:04.905683,0.62,0.39,0.39,0.63,0.5815,0.4185,0.4185,0.5815,2.93,2.93
2024-10-28 21:03:05.543771,0.62,0.39,0.39,0.63,0.582,0.418,0.4185,0.5815,2.93,2.88
2024-10-28 21:04:06.169929,0.62,0.39,0.39,0.63,0.582,0.418,0.4185,0.5815,2.93,2.88
2024-10-28 21:05:06.769037,0.62,0.39,0.39,0.63,0.582,0.418,0.4185,0.5815,2.93,2.88
2024-10-28 21:06:07.401301,0.62,0.39,0.39,0.63,0.582,0.418,0.4185,0.5815,2.93,2.88
2024-10-28 21:07:08.016335,0.62,0.39,0.39,0.63,0.5825,0.4175,0.4175,0.5825,2.83,2.83
2024-10-28 21:08:08.635636,0.62,0.39,0.39,0.63,0.5825,0.4175,0.4175,0.5825,2.83,2.83
2024-10-28 21:09:09.344111,0.62,0.39,0.39,0.63,0.583,0.417,0.4175,0.5825,2.83,2.77
2024-10-28 21:10:09.945374,0.63,0.38,0.39,0.63,0.583,0.417,0.4175,0.5825,3.9,3.84
2024-10-28 21:11:10.537277,0.63,0.38,0.38,0.63,0.582,0.418,0.4175,0.5825,3.9,3.95
